{
  "overall": {
    "MediaPipe": {
      "n_frames": 118305,
      "mean": 14.506164684973598,
      "median": 11.248203113575855,
      "std": 23.146290909607167,
      "iqr": 3.8233432779763152,
      "p25": 9.563005221450467,
      "p75": 13.386348499426783,
      "p90": 17.01366430442459,
      "p95": 22.761474577775243,
      "min": 3.5662365139252423,
      "max": 489.18320931120724
    },
    "MoveNet": {
      "n_frames": 118472,
      "mean": 14.75458556783236,
      "median": 10.434476932095224,
      "std": 32.593718609237975,
      "iqr": 4.294431509431567,
      "p25": 8.637052816090865,
      "p75": 12.931484325522431,
      "p90": 16.782661098159544,
      "p95": 20.916972286892538,
      "min": 2.2650766287881696,
      "max": 632.216206340463
    },
    "YOLO": {
      "n_frames": 115001,
      "mean": 17.657793601693943,
      "median": 11.334011493567452,
      "std": 42.45438612066346,
      "iqr": 4.7968443837102726,
      "p25": 9.406734142613132,
      "p75": 14.203578526323405,
      "p90": 20.155435215003006,
      "p95": 27.4279521372771,
      "min": 2.783781718510941,
      "max": 783.5076379977112
    }
  },
  "camera": {
    "MediaPipe": {
      "c17": {
        "n_frames": 57128,
        "mean": 15.460616063142862,
        "median": 10.835808039415163,
        "std": 30.483643682255536,
        "p25": 9.334389926030676,
        "p75": 12.819183792119205,
        "n_over_30": 1974,
        "n_over_50": 1239,
        "n_over_100": 906,
        "pct_over_30": 3.455398403584932,
        "pct_over_50": 2.168813891611819,
        "pct_over_100": 1.585912337207674
      },
      "c18": {
        "n_frames": 61177,
        "mean": 13.614883675246844,
        "median": 11.651016233106105,
        "std": 12.90957159047777,
        "p25": 9.882550021668282,
        "p75": 13.935836191509633,
        "n_over_30": 1759,
        "n_over_50": 855,
        "n_over_100": 187,
        "pct_over_30": 2.875263579449793,
        "pct_over_50": 1.397584059368717,
        "pct_over_100": 0.3056704316981872
      }
    },
    "MoveNet": {
      "c17": {
        "n_frames": 57277,
        "mean": 16.843253326271256,
        "median": 9.66391438110382,
        "std": 45.84979783953315,
        "p25": 8.128000701635907,
        "p75": 11.666924291212547,
        "n_over_30": 1614,
        "n_over_50": 1309,
        "n_over_100": 1213,
        "pct_over_30": 2.817885014927458,
        "pct_over_50": 2.285385058574995,
        "pct_over_100": 2.1177785149361874
      },
      "c18": {
        "n_frames": 61195,
        "mean": 12.799644425580464,
        "median": 11.199943831037617,
        "std": 9.010370466111326,
        "p25": 9.364415691031894,
        "p75": 14.08991624853785,
        "n_over_30": 1126,
        "n_over_50": 375,
        "n_over_100": 95,
        "pct_over_30": 1.8400196094452161,
        "pct_over_50": 0.6127951630035133,
        "pct_over_100": 0.15524144129422338
      }
    },
    "YOLO": {
      "c17": {
        "n_frames": 53802,
        "mean": 21.251942300061547,
        "median": 10.509707789070985,
        "std": 60.93456790976501,
        "p25": 8.90000769775881,
        "p75": 12.826338049434044,
        "n_over_30": 2049,
        "n_over_50": 1584,
        "n_over_100": 1500,
        "pct_over_30": 3.8084086093453777,
        "pct_over_50": 2.9441284710605555,
        "pct_over_100": 2.7880004460800714
      },
      "c18": {
        "n_frames": 61199,
        "mean": 14.498062425211094,
        "median": 12.09344998071342,
        "std": 10.067605739681197,
        "p25": 10.066205396608934,
        "p75": 15.658635958491445,
        "n_over_30": 2537,
        "n_over_50": 720,
        "n_over_100": 79,
        "pct_over_30": 4.145492573408062,
        "pct_over_50": 1.1764898119250313,
        "pct_over_100": 0.1290870765862187
      }
    }
  },
  "significance": {
    "anova": {
      "f_statistic": 316.3014612466375,
      "p_value": 5.693619764667041e-138,
      "significant": true
    },
    "pairwise": [
      {
        "model_1": "MediaPipe",
        "model_2": "MoveNet",
        "t_stat": -2.1379135568102057,
        "p_value": 0.032524780533635146,
        "p_value_bonferroni": 0.09757434160090545,
        "cohens_d": -0.008788257701108785,
        "mean_diff": -0.24842088285876152
      },
      {
        "model_1": "MediaPipe",
        "model_2": "YOLO",
        "t_stat": -22.34487285160287,
        "p_value": 1.7702648494785195e-110,
        "p_value_bonferroni": 5.3107945484355587e-110,
        "cohens_d": -0.09217603531121232,
        "mean_diff": -3.1516289167203446
      },
      {
        "model_1": "MoveNet",
        "model_2": "YOLO",
        "t_stat": -18.566393301828207,
        "p_value": 6.830493841914685e-77,
        "p_value_bonferroni": 2.0491481525744055e-76,
        "cohens_d": -0.07671027217186555,
        "mean_diff": -2.903208033861583
      }
    ]
  },
  "coach_impact": {
    "MediaPipe": {
      "clean_mean": 14.506164684973598,
      "clean_median": 11.248203113575855,
      "coach_mean": 44.812750464993684,
      "coach_median": 15.291444751945042,
      "mean_increase": 30.306585780020086,
      "mean_increase_pct": 208.92211303387148,
      "n_clean_frames": 118305,
      "n_coach_frames": 3919
    },
    "MoveNet": {
      "clean_mean": 14.75458556783236,
      "clean_median": 10.434476932095224,
      "coach_mean": 64.93168802366799,
      "coach_median": 19.576144348348205,
      "mean_increase": 50.17710245583563,
      "mean_increase_pct": 340.07801998336504,
      "n_clean_frames": 118472,
      "n_coach_frames": 3920
    },
    "YOLO": {
      "clean_mean": 17.657793601693943,
      "clean_median": 11.334011493567452,
      "coach_mean": 66.1246007820905,
      "coach_median": 22.246513750560233,
      "mean_increase": 48.46680718039656,
      "mean_increase_pct": 274.4782744303176,
      "n_clean_frames": 115001,
      "n_coach_frames": 3912
    }
  }
}